{
    "left_index1": [5.718, 3.6956, -23.704],
    "left_index2": [7.021, -1.177, -43.457],
    "left_index3": [-5.0166, -5.6906,-10.564],
    "left_middle1": [-7.2105, 1.0288, -30.449],
    "left_middle2": [-8.638, 0.11963, -40.472],
    "left_middle3": [-0.1928, -5.3743, -19.366],
    "left_pinky1": [-21.725, -18.152, -33.067],
    "left_pinky2": [-10.882, -6.6436, -28.53],
    "left_pinky3": [-21.06, -4.2091, -3.8257],
    "left_ring1": [-6.107, -7.0823, -36.117],
    "left_ring2": [-15.322, -8.344, -35.336],
    "left_ring3": [-8.5286, -9.2279, -20.788],
    "left_thumb1":[49.349, 16.108, 1.8133],
    "left_thumb2":[-28.598, 2.2, 2.5339],
    "left_thumb3":[30.043, 6.6176, -14.506],
    "right_index1": [5.718, -3.6956, 23.704],
    "right_index2": [7.021, 1.177, 43.457],
    "right_index3": [-5.0166, 5.6906, 10.564],
    "right_middle1": [-7.2105, -1.0288, 30.449],
    "right_middle2": [-8.638, -0.11963, 40.472],
    "right_middle3": [-0.1928, 5.3743, 19.366],
    "right_pinky1": [-21.725, 18.152, 33.067],
    "right_pinky2": [-10.882,6.6436, 28.53],
    "right_pinky3": [-21.06, 4.2091, 3.8257],
    "right_ring1": [-6.107, 7.0823, 36.117],
    "right_ring2": [-15.322, 8.344, 35.336],
    "right_ring3": [-8.5286, 9.2279, 20.788],
    "right_thumb1": [49.349, -16.108, -1.8133],
    "right_thumb2": [-28.598, -2.2, -2.5339],
    "right_thumb3": [30.043, -6.6176, 14.506]
}